<?xml version="1.0" encoding="UTF-8"?>
<document version="1.2.0">
  <chunks next_id="5" active_id="4">
    <chunk id="3" path="3/chunk.zip"/>
    <chunk id="4" path="4/chunk.zip"/>
  </chunks>
  <meta>
    <property name="Info/LastSavedDateTime" value="2025:03:20 00:24:27"/>
    <property name="Info/LastSavedSoftwareVersion" value="2.1.1.17821"/>
    <property name="Info/OriginalDateTime" value="2025:03:19 23:36:10"/>
    <property name="Info/OriginalSoftwareName" value="Agisoft Metashape"/>
    <property name="Info/OriginalSoftwareVendor" value="Agisoft"/>
    <property name="Info/OriginalSoftwareVersion" value="2.1.1.17821"/>
    <property name="Project/AbsolutePaths" value="false"/>
  </meta>
</document>
