<?xml version="1.0" encoding="UTF-8"?>
<frame version="1.2.0">
  <cameras>
    <camera camera_id="0">
      <photo path="../../../../frames/TCRMP20241014_3D_BWR_T2/frame_000000.jpg">
        <meta>
          <property name="File/ImageHeight" value="1280"/>
          <property name="File/ImageWidth" value="720"/>
          <property name="System/FileModifyDate" value="2025:03:19 20:23:40"/>
          <property name="System/FileSize" value="201033"/>
        </meta>
      </photo>
    </camera>
    <camera camera_id="1">
      <photo path="../../../../frames/TCRMP20241014_3D_BWR_T2/frame_000011.jpg">
        <meta>
          <property name="File/ImageHeight" value="1280"/>
          <property name="File/ImageWidth" value="720"/>
          <property name="System/FileModifyDate" value="2025:03:19 20:23:40"/>
          <property name="System/FileSize" value="212231"/>
        </meta>
      </photo>
    </camera>
    <camera camera_id="2">
      <photo path="../../../../frames/TCRMP20241014_3D_BWR_T2/frame_000022.jpg">
        <meta>
          <property name="File/ImageHeight" value="1280"/>
          <property name="File/ImageWidth" value="720"/>
          <property name="System/FileModifyDate" value="2025:03:19 20:23:40"/>
          <property name="System/FileSize" value="217601"/>
        </meta>
      </photo>
    </camera>
    <camera camera_id="3">
      <photo path="../../../../frames/TCRMP20241014_3D_BWR_T2/frame_000034.jpg">
        <meta>
          <property name="File/ImageHeight" value="1280"/>
          <property name="File/ImageWidth" value="720"/>
          <property name="System/FileModifyDate" value="2025:03:19 20:23:40"/>
          <property name="System/FileSize" value="208457"/>
        </meta>
      </photo>
    </camera>
    <camera camera_id="4">
      <photo path="../../../../frames/TCRMP20241014_3D_BWR_T2/frame_000045.jpg">
        <meta>
          <property name="File/ImageHeight" value="1280"/>
          <property name="File/ImageWidth" value="720"/>
          <property name="System/FileModifyDate" value="2025:03:19 20:23:40"/>
          <property name="System/FileSize" value="194051"/>
        </meta>
      </photo>
    </camera>
    <camera camera_id="5">
      <photo path="../../../../frames/TCRMP20241014_3D_BWR_T2/frame_000057.jpg">
        <meta>
          <property name="File/ImageHeight" value="1280"/>
          <property name="File/ImageWidth" value="720"/>
          <property name="System/FileModifyDate" value="2025:03:19 20:23:40"/>
          <property name="System/FileSize" value="194597"/>
        </meta>
      </photo>
    </camera>
    <camera camera_id="6">
      <photo path="../../../../frames/TCRMP20241014_3D_BWR_T2/frame_000068.jpg">
        <meta>
          <property name="File/ImageHeight" value="1280"/>
          <property name="File/ImageWidth" value="720"/>
          <property name="System/FileModifyDate" value="2025:03:19 20:23:40"/>
          <property name="System/FileSize" value="174453"/>
        </meta>
      </photo>
    </camera>
    <camera camera_id="7">
      <photo path="../../../../frames/TCRMP20241014_3D_BWR_T2/frame_000080.jpg">
        <meta>
          <property name="File/ImageHeight" value="1280"/>
          <property name="File/ImageWidth" value="720"/>
          <property name="System/FileModifyDate" value="2025:03:19 20:23:40"/>
          <property name="System/FileSize" value="186065"/>
        </meta>
      </photo>
    </camera>
    <camera camera_id="8">
      <photo path="../../../../frames/TCRMP20241014_3D_BWR_T2/frame_000091.jpg">
        <meta>
          <property name="File/ImageHeight" value="1280"/>
          <property name="File/ImageWidth" value="720"/>
          <property name="System/FileModifyDate" value="2025:03:19 20:23:40"/>
          <property name="System/FileSize" value="202637"/>
        </meta>
      </photo>
    </camera>
    <camera camera_id="9">
      <photo path="../../../../frames/TCRMP20241014_3D_BWR_T2/frame_000103.jpg">
        <meta>
          <property name="File/ImageHeight" value="1280"/>
          <property name="File/ImageWidth" value="720"/>
          <property name="System/FileModifyDate" value="2025:03:19 20:23:41"/>
          <property name="System/FileSize" value="161246"/>
        </meta>
      </photo>
    </camera>
    <camera camera_id="10">
      <photo path="../../../../frames/TCRMP20241014_3D_BWR_T2/frame_000114.jpg">
        <meta>
          <property name="File/ImageHeight" value="1280"/>
          <property name="File/ImageWidth" value="720"/>
          <property name="System/FileModifyDate" value="2025:03:19 20:23:41"/>
          <property name="System/FileSize" value="160850"/>
        </meta>
      </photo>
    </camera>
    <camera camera_id="11">
      <photo path="../../../../frames/TCRMP20241014_3D_BWR_T2/frame_000126.jpg">
        <meta>
          <property name="File/ImageHeight" value="1280"/>
          <property name="File/ImageWidth" value="720"/>
          <property name="System/FileModifyDate" value="2025:03:19 20:23:41"/>
          <property name="System/FileSize" value="179719"/>
        </meta>
      </photo>
    </camera>
    <camera camera_id="12">
      <photo path="../../../../frames/TCRMP20241014_3D_BWR_T2/frame_000137.jpg">
        <meta>
          <property name="File/ImageHeight" value="1280"/>
          <property name="File/ImageWidth" value="720"/>
          <property name="System/FileModifyDate" value="2025:03:19 20:23:41"/>
          <property name="System/FileSize" value="185911"/>
        </meta>
      </photo>
    </camera>
    <camera camera_id="13">
      <photo path="../../../../frames/TCRMP20241014_3D_BWR_T2/frame_000149.jpg">
        <meta>
          <property name="File/ImageHeight" value="1280"/>
          <property name="File/ImageWidth" value="720"/>
          <property name="System/FileModifyDate" value="2025:03:19 20:23:41"/>
          <property name="System/FileSize" value="190521"/>
        </meta>
      </photo>
    </camera>
    <camera camera_id="14">
      <photo path="../../../../frames/TCRMP20241014_3D_BWR_T2/frame_000160.jpg">
        <meta>
          <property name="File/ImageHeight" value="1280"/>
          <property name="File/ImageWidth" value="720"/>
          <property name="System/FileModifyDate" value="2025:03:19 20:23:41"/>
          <property name="System/FileSize" value="186468"/>
        </meta>
      </photo>
    </camera>
    <camera camera_id="15">
      <photo path="../../../../frames/TCRMP20241014_3D_BWR_T2/frame_000172.jpg">
        <meta>
          <property name="File/ImageHeight" value="1280"/>
          <property name="File/ImageWidth" value="720"/>
          <property name="System/FileModifyDate" value="2025:03:19 20:23:41"/>
          <property name="System/FileSize" value="157415"/>
        </meta>
      </photo>
    </camera>
    <camera camera_id="16">
      <photo path="../../../../frames/TCRMP20241014_3D_BWR_T2/frame_000183.jpg">
        <meta>
          <property name="File/ImageHeight" value="1280"/>
          <property name="File/ImageWidth" value="720"/>
          <property name="System/FileModifyDate" value="2025:03:19 20:23:41"/>
          <property name="System/FileSize" value="163560"/>
        </meta>
      </photo>
    </camera>
    <camera camera_id="17">
      <photo path="../../../../frames/TCRMP20241014_3D_BWR_T2/frame_000195.jpg">
        <meta>
          <property name="File/ImageHeight" value="1280"/>
          <property name="File/ImageWidth" value="720"/>
          <property name="System/FileModifyDate" value="2025:03:19 20:23:41"/>
          <property name="System/FileSize" value="178831"/>
        </meta>
      </photo>
    </camera>
    <camera camera_id="18">
      <photo path="../../../../frames/TCRMP20241014_3D_BWR_T2/frame_000206.jpg">
        <meta>
          <property name="File/ImageHeight" value="1280"/>
          <property name="File/ImageWidth" value="720"/>
          <property name="System/FileModifyDate" value="2025:03:19 20:23:41"/>
          <property name="System/FileSize" value="164151"/>
        </meta>
      </photo>
    </camera>
    <camera camera_id="19">
      <photo path="../../../../frames/TCRMP20241014_3D_BWR_T2/frame_000218.jpg">
        <meta>
          <property name="File/ImageHeight" value="1280"/>
          <property name="File/ImageWidth" value="720"/>
          <property name="System/FileModifyDate" value="2025:03:19 20:23:41"/>
          <property name="System/FileSize" value="189999"/>
        </meta>
      </photo>
    </camera>
    <camera camera_id="20">
      <photo path="../../../../frames/TCRMP20241014_3D_BWR_T2/frame_000229.jpg">
        <meta>
          <property name="File/ImageHeight" value="1280"/>
          <property name="File/ImageWidth" value="720"/>
          <property name="System/FileModifyDate" value="2025:03:19 20:23:41"/>
          <property name="System/FileSize" value="202842"/>
        </meta>
      </photo>
    </camera>
    <camera camera_id="21">
      <photo path="../../../../frames/TCRMP20241014_3D_BWR_T2/frame_000241.jpg">
        <meta>
          <property name="File/ImageHeight" value="1280"/>
          <property name="File/ImageWidth" value="720"/>
          <property name="System/FileModifyDate" value="2025:03:19 20:23:41"/>
          <property name="System/FileSize" value="163806"/>
        </meta>
      </photo>
    </camera>
    <camera camera_id="22">
      <photo path="../../../../frames/TCRMP20241014_3D_BWR_T2/frame_000252.jpg">
        <meta>
          <property name="File/ImageHeight" value="1280"/>
          <property name="File/ImageWidth" value="720"/>
          <property name="System/FileModifyDate" value="2025:03:19 20:23:41"/>
          <property name="System/FileSize" value="146416"/>
        </meta>
      </photo>
    </camera>
    <camera camera_id="23">
      <photo path="../../../../frames/TCRMP20241014_3D_BWR_T2/frame_000264.jpg">
        <meta>
          <property name="File/ImageHeight" value="1280"/>
          <property name="File/ImageWidth" value="720"/>
          <property name="System/FileModifyDate" value="2025:03:19 20:23:41"/>
          <property name="System/FileSize" value="137215"/>
        </meta>
      </photo>
    </camera>
    <camera camera_id="24">
      <photo path="../../../../frames/TCRMP20241014_3D_BWR_T2/frame_000275.jpg">
        <meta>
          <property name="File/ImageHeight" value="1280"/>
          <property name="File/ImageWidth" value="720"/>
          <property name="System/FileModifyDate" value="2025:03:19 20:23:41"/>
          <property name="System/FileSize" value="167119"/>
        </meta>
      </photo>
    </camera>
    <camera camera_id="25">
      <photo path="../../../../frames/TCRMP20241014_3D_BWR_T2/frame_000287.jpg">
        <meta>
          <property name="File/ImageHeight" value="1280"/>
          <property name="File/ImageWidth" value="720"/>
          <property name="System/FileModifyDate" value="2025:03:19 20:23:41"/>
          <property name="System/FileSize" value="185107"/>
        </meta>
      </photo>
    </camera>
    <camera camera_id="26">
      <photo path="../../../../frames/TCRMP20241014_3D_BWR_T2/frame_000298.jpg">
        <meta>
          <property name="File/ImageHeight" value="1280"/>
          <property name="File/ImageWidth" value="720"/>
          <property name="System/FileModifyDate" value="2025:03:19 20:23:41"/>
          <property name="System/FileSize" value="162271"/>
        </meta>
      </photo>
    </camera>
    <camera camera_id="27">
      <photo path="../../../../frames/TCRMP20241014_3D_BWR_T2/frame_000310.jpg">
        <meta>
          <property name="File/ImageHeight" value="1280"/>
          <property name="File/ImageWidth" value="720"/>
          <property name="System/FileModifyDate" value="2025:03:19 20:23:41"/>
          <property name="System/FileSize" value="161071"/>
        </meta>
      </photo>
    </camera>
    <camera camera_id="28">
      <photo path="../../../../frames/TCRMP20241014_3D_BWR_T2/frame_000321.jpg">
        <meta>
          <property name="File/ImageHeight" value="1280"/>
          <property name="File/ImageWidth" value="720"/>
          <property name="System/FileModifyDate" value="2025:03:19 20:23:41"/>
          <property name="System/FileSize" value="168709"/>
        </meta>
      </photo>
    </camera>
    <camera camera_id="29">
      <photo path="../../../../frames/TCRMP20241014_3D_BWR_T2/frame_000333.jpg">
        <meta>
          <property name="File/ImageHeight" value="1280"/>
          <property name="File/ImageWidth" value="720"/>
          <property name="System/FileModifyDate" value="2025:03:19 20:23:42"/>
          <property name="System/FileSize" value="181506"/>
        </meta>
      </photo>
    </camera>
    <camera camera_id="30">
      <photo path="../../../../frames/TCRMP20241014_3D_BWR_T2/frame_000344.jpg">
        <meta>
          <property name="File/ImageHeight" value="1280"/>
          <property name="File/ImageWidth" value="720"/>
          <property name="System/FileModifyDate" value="2025:03:19 20:23:42"/>
          <property name="System/FileSize" value="177520"/>
        </meta>
      </photo>
    </camera>
    <camera camera_id="31">
      <photo path="../../../../frames/TCRMP20241014_3D_BWR_T2/frame_000356.jpg">
        <meta>
          <property name="File/ImageHeight" value="1280"/>
          <property name="File/ImageWidth" value="720"/>
          <property name="System/FileModifyDate" value="2025:03:19 20:23:42"/>
          <property name="System/FileSize" value="171766"/>
        </meta>
      </photo>
    </camera>
    <camera camera_id="32">
      <photo path="../../../../frames/TCRMP20241014_3D_BWR_T2/frame_000367.jpg">
        <meta>
          <property name="File/ImageHeight" value="1280"/>
          <property name="File/ImageWidth" value="720"/>
          <property name="System/FileModifyDate" value="2025:03:19 20:23:42"/>
          <property name="System/FileSize" value="177988"/>
        </meta>
      </photo>
    </camera>
    <camera camera_id="33">
      <photo path="../../../../frames/TCRMP20241014_3D_BWR_T2/frame_000379.jpg">
        <meta>
          <property name="File/ImageHeight" value="1280"/>
          <property name="File/ImageWidth" value="720"/>
          <property name="System/FileModifyDate" value="2025:03:19 20:23:42"/>
          <property name="System/FileSize" value="167071"/>
        </meta>
      </photo>
    </camera>
    <camera camera_id="34">
      <photo path="../../../../frames/TCRMP20241014_3D_BWR_T2/frame_000390.jpg">
        <meta>
          <property name="File/ImageHeight" value="1280"/>
          <property name="File/ImageWidth" value="720"/>
          <property name="System/FileModifyDate" value="2025:03:19 20:23:42"/>
          <property name="System/FileSize" value="176877"/>
        </meta>
      </photo>
    </camera>
    <camera camera_id="35">
      <photo path="../../../../frames/TCRMP20241014_3D_BWR_T2/frame_000401.jpg">
        <meta>
          <property name="File/ImageHeight" value="1280"/>
          <property name="File/ImageWidth" value="720"/>
          <property name="System/FileModifyDate" value="2025:03:19 20:23:42"/>
          <property name="System/FileSize" value="166625"/>
        </meta>
      </photo>
    </camera>
    <camera camera_id="36">
      <photo path="../../../../frames/TCRMP20241014_3D_BWR_T2/frame_000413.jpg">
        <meta>
          <property name="File/ImageHeight" value="1280"/>
          <property name="File/ImageWidth" value="720"/>
          <property name="System/FileModifyDate" value="2025:03:19 20:23:42"/>
          <property name="System/FileSize" value="171331"/>
        </meta>
      </photo>
    </camera>
    <camera camera_id="37">
      <photo path="../../../../frames/TCRMP20241014_3D_BWR_T2/frame_000424.jpg">
        <meta>
          <property name="File/ImageHeight" value="1280"/>
          <property name="File/ImageWidth" value="720"/>
          <property name="System/FileModifyDate" value="2025:03:19 20:23:42"/>
          <property name="System/FileSize" value="160359"/>
        </meta>
      </photo>
    </camera>
    <camera camera_id="38">
      <photo path="../../../../frames/TCRMP20241014_3D_BWR_T2/frame_000436.jpg">
        <meta>
          <property name="File/ImageHeight" value="1280"/>
          <property name="File/ImageWidth" value="720"/>
          <property name="System/FileModifyDate" value="2025:03:19 20:23:42"/>
          <property name="System/FileSize" value="154221"/>
        </meta>
      </photo>
    </camera>
    <camera camera_id="39">
      <photo path="../../../../frames/TCRMP20241014_3D_BWR_T2/frame_000447.jpg">
        <meta>
          <property name="File/ImageHeight" value="1280"/>
          <property name="File/ImageWidth" value="720"/>
          <property name="System/FileModifyDate" value="2025:03:19 20:23:42"/>
          <property name="System/FileSize" value="155313"/>
        </meta>
      </photo>
    </camera>
    <camera camera_id="40">
      <photo path="../../../../frames/TCRMP20241014_3D_BWR_T2/frame_000459.jpg">
        <meta>
          <property name="File/ImageHeight" value="1280"/>
          <property name="File/ImageWidth" value="720"/>
          <property name="System/FileModifyDate" value="2025:03:19 20:23:42"/>
          <property name="System/FileSize" value="163019"/>
        </meta>
      </photo>
    </camera>
    <camera camera_id="41">
      <photo path="../../../../frames/TCRMP20241014_3D_BWR_T2/frame_000470.jpg">
        <meta>
          <property name="File/ImageHeight" value="1280"/>
          <property name="File/ImageWidth" value="720"/>
          <property name="System/FileModifyDate" value="2025:03:19 20:23:42"/>
          <property name="System/FileSize" value="143691"/>
        </meta>
      </photo>
    </camera>
    <camera camera_id="42">
      <photo path="../../../../frames/TCRMP20241014_3D_BWR_T2/frame_000482.jpg">
        <meta>
          <property name="File/ImageHeight" value="1280"/>
          <property name="File/ImageWidth" value="720"/>
          <property name="System/FileModifyDate" value="2025:03:19 20:23:42"/>
          <property name="System/FileSize" value="132154"/>
        </meta>
      </photo>
    </camera>
    <camera camera_id="43">
      <photo path="../../../../frames/TCRMP20241014_3D_BWR_T2/frame_000493.jpg">
        <meta>
          <property name="File/ImageHeight" value="1280"/>
          <property name="File/ImageWidth" value="720"/>
          <property name="System/FileModifyDate" value="2025:03:19 20:23:42"/>
          <property name="System/FileSize" value="139127"/>
        </meta>
      </photo>
    </camera>
    <camera camera_id="44">
      <photo path="../../../../frames/TCRMP20241014_3D_BWR_T2/frame_000505.jpg">
        <meta>
          <property name="File/ImageHeight" value="1280"/>
          <property name="File/ImageWidth" value="720"/>
          <property name="System/FileModifyDate" value="2025:03:19 20:23:42"/>
          <property name="System/FileSize" value="147946"/>
        </meta>
      </photo>
    </camera>
    <camera camera_id="45">
      <photo path="../../../../frames/TCRMP20241014_3D_BWR_T2/frame_000516.jpg">
        <meta>
          <property name="File/ImageHeight" value="1280"/>
          <property name="File/ImageWidth" value="720"/>
          <property name="System/FileModifyDate" value="2025:03:19 20:23:42"/>
          <property name="System/FileSize" value="145997"/>
        </meta>
      </photo>
    </camera>
    <camera camera_id="46">
      <photo path="../../../../frames/TCRMP20241014_3D_BWR_T2/frame_000528.jpg">
        <meta>
          <property name="File/ImageHeight" value="1280"/>
          <property name="File/ImageWidth" value="720"/>
          <property name="System/FileModifyDate" value="2025:03:19 20:23:42"/>
          <property name="System/FileSize" value="153495"/>
        </meta>
      </photo>
    </camera>
    <camera camera_id="47">
      <photo path="../../../../frames/TCRMP20241014_3D_BWR_T2/frame_000539.jpg">
        <meta>
          <property name="File/ImageHeight" value="1280"/>
          <property name="File/ImageWidth" value="720"/>
          <property name="System/FileModifyDate" value="2025:03:19 20:23:42"/>
          <property name="System/FileSize" value="139093"/>
        </meta>
      </photo>
    </camera>
    <camera camera_id="48">
      <photo path="../../../../frames/TCRMP20241014_3D_BWR_T2/frame_000551.jpg">
        <meta>
          <property name="File/ImageHeight" value="1280"/>
          <property name="File/ImageWidth" value="720"/>
          <property name="System/FileModifyDate" value="2025:03:19 20:23:42"/>
          <property name="System/FileSize" value="169922"/>
        </meta>
      </photo>
    </camera>
    <camera camera_id="49">
      <photo path="../../../../frames/TCRMP20241014_3D_BWR_T2/frame_000562.jpg">
        <meta>
          <property name="File/ImageHeight" value="1280"/>
          <property name="File/ImageWidth" value="720"/>
          <property name="System/FileModifyDate" value="2025:03:19 20:23:42"/>
          <property name="System/FileSize" value="175584"/>
        </meta>
      </photo>
    </camera>
    <camera camera_id="50">
      <photo path="../../../../frames/TCRMP20241014_3D_BWR_T2/frame_000574.jpg">
        <meta>
          <property name="File/ImageHeight" value="1280"/>
          <property name="File/ImageWidth" value="720"/>
          <property name="System/FileModifyDate" value="2025:03:19 20:23:42"/>
          <property name="System/FileSize" value="166190"/>
        </meta>
      </photo>
    </camera>
    <camera camera_id="51">
      <photo path="../../../../frames/TCRMP20241014_3D_BWR_T2/frame_000585.jpg">
        <meta>
          <property name="File/ImageHeight" value="1280"/>
          <property name="File/ImageWidth" value="720"/>
          <property name="System/FileModifyDate" value="2025:03:19 20:23:42"/>
          <property name="System/FileSize" value="153074"/>
        </meta>
      </photo>
    </camera>
    <camera camera_id="52">
      <photo path="../../../../frames/TCRMP20241014_3D_BWR_T2/frame_000597.jpg">
        <meta>
          <property name="File/ImageHeight" value="1280"/>
          <property name="File/ImageWidth" value="720"/>
          <property name="System/FileModifyDate" value="2025:03:19 20:23:42"/>
          <property name="System/FileSize" value="154195"/>
        </meta>
      </photo>
    </camera>
    <camera camera_id="53">
      <photo path="../../../../frames/TCRMP20241014_3D_BWR_T2/frame_000608.jpg">
        <meta>
          <property name="File/ImageHeight" value="1280"/>
          <property name="File/ImageWidth" value="720"/>
          <property name="System/FileModifyDate" value="2025:03:19 20:23:43"/>
          <property name="System/FileSize" value="159687"/>
        </meta>
      </photo>
    </camera>
    <camera camera_id="54">
      <photo path="../../../../frames/TCRMP20241014_3D_BWR_T2/frame_000620.jpg">
        <meta>
          <property name="File/ImageHeight" value="1280"/>
          <property name="File/ImageWidth" value="720"/>
          <property name="System/FileModifyDate" value="2025:03:19 20:23:43"/>
          <property name="System/FileSize" value="127720"/>
        </meta>
      </photo>
    </camera>
    <camera camera_id="55">
      <photo path="../../../../frames/TCRMP20241014_3D_BWR_T2/frame_000631.jpg">
        <meta>
          <property name="File/ImageHeight" value="1280"/>
          <property name="File/ImageWidth" value="720"/>
          <property name="System/FileModifyDate" value="2025:03:19 20:23:43"/>
          <property name="System/FileSize" value="153163"/>
        </meta>
      </photo>
    </camera>
    <camera camera_id="56">
      <photo path="../../../../frames/TCRMP20241014_3D_BWR_T2/frame_000643.jpg">
        <meta>
          <property name="File/ImageHeight" value="1280"/>
          <property name="File/ImageWidth" value="720"/>
          <property name="System/FileModifyDate" value="2025:03:19 20:23:43"/>
          <property name="System/FileSize" value="148720"/>
        </meta>
      </photo>
    </camera>
    <camera camera_id="57">
      <photo path="../../../../frames/TCRMP20241014_3D_BWR_T2/frame_000654.jpg">
        <meta>
          <property name="File/ImageHeight" value="1280"/>
          <property name="File/ImageWidth" value="720"/>
          <property name="System/FileModifyDate" value="2025:03:19 20:23:43"/>
          <property name="System/FileSize" value="121671"/>
        </meta>
      </photo>
    </camera>
    <camera camera_id="58">
      <photo path="../../../../frames/TCRMP20241014_3D_BWR_T2/frame_000666.jpg">
        <meta>
          <property name="File/ImageHeight" value="1280"/>
          <property name="File/ImageWidth" value="720"/>
          <property name="System/FileModifyDate" value="2025:03:19 20:23:43"/>
          <property name="System/FileSize" value="128761"/>
        </meta>
      </photo>
    </camera>
    <camera camera_id="59">
      <photo path="../../../../frames/TCRMP20241014_3D_BWR_T2/frame_000677.jpg">
        <meta>
          <property name="File/ImageHeight" value="1280"/>
          <property name="File/ImageWidth" value="720"/>
          <property name="System/FileModifyDate" value="2025:03:19 20:23:43"/>
          <property name="System/FileSize" value="149976"/>
        </meta>
      </photo>
    </camera>
    <camera camera_id="60">
      <photo path="../../../../frames/TCRMP20241014_3D_BWR_T2/frame_000689.jpg">
        <meta>
          <property name="File/ImageHeight" value="1280"/>
          <property name="File/ImageWidth" value="720"/>
          <property name="System/FileModifyDate" value="2025:03:19 20:23:43"/>
          <property name="System/FileSize" value="170756"/>
        </meta>
      </photo>
    </camera>
    <camera camera_id="61">
      <photo path="../../../../frames/TCRMP20241014_3D_BWR_T2/frame_000700.jpg">
        <meta>
          <property name="File/ImageHeight" value="1280"/>
          <property name="File/ImageWidth" value="720"/>
          <property name="System/FileModifyDate" value="2025:03:19 20:23:43"/>
          <property name="System/FileSize" value="144466"/>
        </meta>
      </photo>
    </camera>
    <camera camera_id="62">
      <photo path="../../../../frames/TCRMP20241014_3D_BWR_T2/frame_000712.jpg">
        <meta>
          <property name="File/ImageHeight" value="1280"/>
          <property name="File/ImageWidth" value="720"/>
          <property name="System/FileModifyDate" value="2025:03:19 20:23:43"/>
          <property name="System/FileSize" value="160873"/>
        </meta>
      </photo>
    </camera>
    <camera camera_id="63">
      <photo path="../../../../frames/TCRMP20241014_3D_BWR_T2/frame_000723.jpg">
        <meta>
          <property name="File/ImageHeight" value="1280"/>
          <property name="File/ImageWidth" value="720"/>
          <property name="System/FileModifyDate" value="2025:03:19 20:23:43"/>
          <property name="System/FileSize" value="156012"/>
        </meta>
      </photo>
    </camera>
    <camera camera_id="64">
      <photo path="../../../../frames/TCRMP20241014_3D_BWR_T2/frame_000735.jpg">
        <meta>
          <property name="File/ImageHeight" value="1280"/>
          <property name="File/ImageWidth" value="720"/>
          <property name="System/FileModifyDate" value="2025:03:19 20:23:43"/>
          <property name="System/FileSize" value="134493"/>
        </meta>
      </photo>
    </camera>
    <camera camera_id="65">
      <photo path="../../../../frames/TCRMP20241014_3D_BWR_T2/frame_000746.jpg">
        <meta>
          <property name="File/ImageHeight" value="1280"/>
          <property name="File/ImageWidth" value="720"/>
          <property name="System/FileModifyDate" value="2025:03:19 20:23:43"/>
          <property name="System/FileSize" value="151703"/>
        </meta>
      </photo>
    </camera>
    <camera camera_id="66">
      <photo path="../../../../frames/TCRMP20241014_3D_BWR_T2/frame_000758.jpg">
        <meta>
          <property name="File/ImageHeight" value="1280"/>
          <property name="File/ImageWidth" value="720"/>
          <property name="System/FileModifyDate" value="2025:03:19 20:23:43"/>
          <property name="System/FileSize" value="184266"/>
        </meta>
      </photo>
    </camera>
    <camera camera_id="67">
      <photo path="../../../../frames/TCRMP20241014_3D_BWR_T2/frame_000769.jpg">
        <meta>
          <property name="File/ImageHeight" value="1280"/>
          <property name="File/ImageWidth" value="720"/>
          <property name="System/FileModifyDate" value="2025:03:19 20:23:43"/>
          <property name="System/FileSize" value="186023"/>
        </meta>
      </photo>
    </camera>
    <camera camera_id="68">
      <photo path="../../../../frames/TCRMP20241014_3D_BWR_T2/frame_000780.jpg">
        <meta>
          <property name="File/ImageHeight" value="1280"/>
          <property name="File/ImageWidth" value="720"/>
          <property name="System/FileModifyDate" value="2025:03:19 20:23:43"/>
          <property name="System/FileSize" value="101400"/>
        </meta>
      </photo>
    </camera>
    <camera camera_id="69">
      <photo path="../../../../frames/TCRMP20241014_3D_BWR_T2/frame_000792.jpg">
        <meta>
          <property name="File/ImageHeight" value="1280"/>
          <property name="File/ImageWidth" value="720"/>
          <property name="System/FileModifyDate" value="2025:03:19 20:23:43"/>
          <property name="System/FileSize" value="114852"/>
        </meta>
      </photo>
    </camera>
    <camera camera_id="70">
      <photo path="../../../../frames/TCRMP20241014_3D_BWR_T2/frame_000803.jpg">
        <meta>
          <property name="File/ImageHeight" value="1280"/>
          <property name="File/ImageWidth" value="720"/>
          <property name="System/FileModifyDate" value="2025:03:19 20:23:43"/>
          <property name="System/FileSize" value="135161"/>
        </meta>
      </photo>
    </camera>
    <camera camera_id="71">
      <photo path="../../../../frames/TCRMP20241014_3D_BWR_T2/frame_000815.jpg">
        <meta>
          <property name="File/ImageHeight" value="1280"/>
          <property name="File/ImageWidth" value="720"/>
          <property name="System/FileModifyDate" value="2025:03:19 20:23:43"/>
          <property name="System/FileSize" value="172552"/>
        </meta>
      </photo>
    </camera>
    <camera camera_id="72">
      <photo path="../../../../frames/TCRMP20241014_3D_BWR_T2/frame_000826.jpg">
        <meta>
          <property name="File/ImageHeight" value="1280"/>
          <property name="File/ImageWidth" value="720"/>
          <property name="System/FileModifyDate" value="2025:03:19 20:23:44"/>
          <property name="System/FileSize" value="144076"/>
        </meta>
      </photo>
    </camera>
    <camera camera_id="73">
      <photo path="../../../../frames/TCRMP20241014_3D_BWR_T2/frame_000838.jpg">
        <meta>
          <property name="File/ImageHeight" value="1280"/>
          <property name="File/ImageWidth" value="720"/>
          <property name="System/FileModifyDate" value="2025:03:19 20:23:44"/>
          <property name="System/FileSize" value="117551"/>
        </meta>
      </photo>
    </camera>
    <camera camera_id="74">
      <photo path="../../../../frames/TCRMP20241014_3D_BWR_T2/frame_000849.jpg">
        <meta>
          <property name="File/ImageHeight" value="1280"/>
          <property name="File/ImageWidth" value="720"/>
          <property name="System/FileModifyDate" value="2025:03:19 20:23:44"/>
          <property name="System/FileSize" value="160315"/>
        </meta>
      </photo>
    </camera>
    <camera camera_id="75">
      <photo path="../../../../frames/TCRMP20241014_3D_BWR_T2/frame_000861.jpg">
        <meta>
          <property name="File/ImageHeight" value="1280"/>
          <property name="File/ImageWidth" value="720"/>
          <property name="System/FileModifyDate" value="2025:03:19 20:23:44"/>
          <property name="System/FileSize" value="190538"/>
        </meta>
      </photo>
    </camera>
    <camera camera_id="76">
      <photo path="../../../../frames/TCRMP20241014_3D_BWR_T2/frame_000872.jpg">
        <meta>
          <property name="File/ImageHeight" value="1280"/>
          <property name="File/ImageWidth" value="720"/>
          <property name="System/FileModifyDate" value="2025:03:19 20:23:44"/>
          <property name="System/FileSize" value="107034"/>
        </meta>
      </photo>
    </camera>
    <camera camera_id="77">
      <photo path="../../../../frames/TCRMP20241014_3D_BWR_T2/frame_000884.jpg">
        <meta>
          <property name="File/ImageHeight" value="1280"/>
          <property name="File/ImageWidth" value="720"/>
          <property name="System/FileModifyDate" value="2025:03:19 20:23:44"/>
          <property name="System/FileSize" value="146974"/>
        </meta>
      </photo>
    </camera>
    <camera camera_id="78">
      <photo path="../../../../frames/TCRMP20241014_3D_BWR_T2/frame_000895.jpg">
        <meta>
          <property name="File/ImageHeight" value="1280"/>
          <property name="File/ImageWidth" value="720"/>
          <property name="System/FileModifyDate" value="2025:03:19 20:23:44"/>
          <property name="System/FileSize" value="176938"/>
        </meta>
      </photo>
    </camera>
    <camera camera_id="79">
      <photo path="../../../../frames/TCRMP20241014_3D_BWR_T2/frame_000907.jpg">
        <meta>
          <property name="File/ImageHeight" value="1280"/>
          <property name="File/ImageWidth" value="720"/>
          <property name="System/FileModifyDate" value="2025:03:19 20:23:44"/>
          <property name="System/FileSize" value="173611"/>
        </meta>
      </photo>
    </camera>
    <camera camera_id="80">
      <photo path="../../../../frames/TCRMP20241014_3D_BWR_T2/frame_000918.jpg">
        <meta>
          <property name="File/ImageHeight" value="1280"/>
          <property name="File/ImageWidth" value="720"/>
          <property name="System/FileModifyDate" value="2025:03:19 20:23:44"/>
          <property name="System/FileSize" value="165355"/>
        </meta>
      </photo>
    </camera>
    <camera camera_id="81">
      <photo path="../../../../frames/TCRMP20241014_3D_BWR_T2/frame_000930.jpg">
        <meta>
          <property name="File/ImageHeight" value="1280"/>
          <property name="File/ImageWidth" value="720"/>
          <property name="System/FileModifyDate" value="2025:03:19 20:23:44"/>
          <property name="System/FileSize" value="195046"/>
        </meta>
      </photo>
    </camera>
    <camera camera_id="82">
      <photo path="../../../../frames/TCRMP20241014_3D_BWR_T2/frame_000941.jpg">
        <meta>
          <property name="File/ImageHeight" value="1280"/>
          <property name="File/ImageWidth" value="720"/>
          <property name="System/FileModifyDate" value="2025:03:19 20:23:44"/>
          <property name="System/FileSize" value="163374"/>
        </meta>
      </photo>
    </camera>
    <camera camera_id="83">
      <photo path="../../../../frames/TCRMP20241014_3D_BWR_T2/frame_000953.jpg">
        <meta>
          <property name="File/ImageHeight" value="1280"/>
          <property name="File/ImageWidth" value="720"/>
          <property name="System/FileModifyDate" value="2025:03:19 20:23:45"/>
          <property name="System/FileSize" value="160775"/>
        </meta>
      </photo>
    </camera>
    <camera camera_id="84">
      <photo path="../../../../frames/TCRMP20241014_3D_BWR_T2/frame_000964.jpg">
        <meta>
          <property name="File/ImageHeight" value="1280"/>
          <property name="File/ImageWidth" value="720"/>
          <property name="System/FileModifyDate" value="2025:03:19 20:23:45"/>
          <property name="System/FileSize" value="173279"/>
        </meta>
      </photo>
    </camera>
    <camera camera_id="85">
      <photo path="../../../../frames/TCRMP20241014_3D_BWR_T2/frame_000976.jpg">
        <meta>
          <property name="File/ImageHeight" value="1280"/>
          <property name="File/ImageWidth" value="720"/>
          <property name="System/FileModifyDate" value="2025:03:19 20:23:45"/>
          <property name="System/FileSize" value="167629"/>
        </meta>
      </photo>
    </camera>
    <camera camera_id="86">
      <photo path="../../../../frames/TCRMP20241014_3D_BWR_T2/frame_000987.jpg">
        <meta>
          <property name="File/ImageHeight" value="1280"/>
          <property name="File/ImageWidth" value="720"/>
          <property name="System/FileModifyDate" value="2025:03:19 20:23:45"/>
          <property name="System/FileSize" value="134134"/>
        </meta>
      </photo>
    </camera>
    <camera camera_id="87">
      <photo path="../../../../frames/TCRMP20241014_3D_BWR_T2/frame_000999.jpg">
        <meta>
          <property name="File/ImageHeight" value="1280"/>
          <property name="File/ImageWidth" value="720"/>
          <property name="System/FileModifyDate" value="2025:03:19 20:23:45"/>
          <property name="System/FileSize" value="139586"/>
        </meta>
      </photo>
    </camera>
    <camera camera_id="88">
      <photo path="../../../../frames/TCRMP20241014_3D_BWR_T2/frame_001010.jpg">
        <meta>
          <property name="File/ImageHeight" value="1280"/>
          <property name="File/ImageWidth" value="720"/>
          <property name="System/FileModifyDate" value="2025:03:19 20:23:45"/>
          <property name="System/FileSize" value="145894"/>
        </meta>
      </photo>
    </camera>
    <camera camera_id="89">
      <photo path="../../../../frames/TCRMP20241014_3D_BWR_T2/frame_001022.jpg">
        <meta>
          <property name="File/ImageHeight" value="1280"/>
          <property name="File/ImageWidth" value="720"/>
          <property name="System/FileModifyDate" value="2025:03:19 20:23:45"/>
          <property name="System/FileSize" value="134641"/>
        </meta>
      </photo>
    </camera>
    <camera camera_id="90">
      <photo path="../../../../frames/TCRMP20241014_3D_BWR_T2/frame_001033.jpg">
        <meta>
          <property name="File/ImageHeight" value="1280"/>
          <property name="File/ImageWidth" value="720"/>
          <property name="System/FileModifyDate" value="2025:03:19 20:23:45"/>
          <property name="System/FileSize" value="79863"/>
        </meta>
      </photo>
    </camera>
    <camera camera_id="91">
      <photo path="../../../../frames/TCRMP20241014_3D_BWR_T2/frame_001045.jpg">
        <meta>
          <property name="File/ImageHeight" value="1280"/>
          <property name="File/ImageWidth" value="720"/>
          <property name="System/FileModifyDate" value="2025:03:19 20:23:45"/>
          <property name="System/FileSize" value="94978"/>
        </meta>
      </photo>
    </camera>
    <camera camera_id="92">
      <photo path="../../../../frames/TCRMP20241014_3D_BWR_T2/frame_001056.jpg">
        <meta>
          <property name="File/ImageHeight" value="1280"/>
          <property name="File/ImageWidth" value="720"/>
          <property name="System/FileModifyDate" value="2025:03:19 20:23:45"/>
          <property name="System/FileSize" value="133310"/>
        </meta>
      </photo>
    </camera>
    <camera camera_id="93">
      <photo path="../../../../frames/TCRMP20241014_3D_BWR_T2/frame_001068.jpg">
        <meta>
          <property name="File/ImageHeight" value="1280"/>
          <property name="File/ImageWidth" value="720"/>
          <property name="System/FileModifyDate" value="2025:03:19 20:23:45"/>
          <property name="System/FileSize" value="160635"/>
        </meta>
      </photo>
    </camera>
    <camera camera_id="94">
      <photo path="../../../../frames/TCRMP20241014_3D_BWR_T2/frame_001079.jpg">
        <meta>
          <property name="File/ImageHeight" value="1280"/>
          <property name="File/ImageWidth" value="720"/>
          <property name="System/FileModifyDate" value="2025:03:19 20:23:45"/>
          <property name="System/FileSize" value="161178"/>
        </meta>
      </photo>
    </camera>
    <camera camera_id="95">
      <photo path="../../../../frames/TCRMP20241014_3D_BWR_T2/frame_001091.jpg">
        <meta>
          <property name="File/ImageHeight" value="1280"/>
          <property name="File/ImageWidth" value="720"/>
          <property name="System/FileModifyDate" value="2025:03:19 20:23:45"/>
          <property name="System/FileSize" value="152622"/>
        </meta>
      </photo>
    </camera>
    <camera camera_id="96">
      <photo path="../../../../frames/TCRMP20241014_3D_BWR_T2/frame_001102.jpg">
        <meta>
          <property name="File/ImageHeight" value="1280"/>
          <property name="File/ImageWidth" value="720"/>
          <property name="System/FileModifyDate" value="2025:03:19 20:23:45"/>
          <property name="System/FileSize" value="141245"/>
        </meta>
      </photo>
    </camera>
    <camera camera_id="97">
      <photo path="../../../../frames/TCRMP20241014_3D_BWR_T2/frame_001114.jpg">
        <meta>
          <property name="File/ImageHeight" value="1280"/>
          <property name="File/ImageWidth" value="720"/>
          <property name="System/FileModifyDate" value="2025:03:19 20:23:45"/>
          <property name="System/FileSize" value="137431"/>
        </meta>
      </photo>
    </camera>
    <camera camera_id="98">
      <photo path="../../../../frames/TCRMP20241014_3D_BWR_T2/frame_001125.jpg">
        <meta>
          <property name="File/ImageHeight" value="1280"/>
          <property name="File/ImageWidth" value="720"/>
          <property name="System/FileModifyDate" value="2025:03:19 20:23:45"/>
          <property name="System/FileSize" value="173083"/>
        </meta>
      </photo>
    </camera>
    <camera camera_id="99">
      <photo path="../../../../frames/TCRMP20241014_3D_BWR_T2/frame_001137.jpg">
        <meta>
          <property name="File/ImageHeight" value="1280"/>
          <property name="File/ImageWidth" value="720"/>
          <property name="System/FileModifyDate" value="2025:03:19 20:23:45"/>
          <property name="System/FileSize" value="192500"/>
        </meta>
      </photo>
    </camera>
  </cameras>
  <thumbnails path="thumbnails.2/thumbnails.zip"/>
</frame>
