<?xml version="1.0" encoding="UTF-8"?>
<chunk version="1.2.0" label="Chunk 2" enabled="true">
  <sensors next_id="1">
    <sensor id="0" label="unknown" type="frame">
      <resolution width="720" height="1280"/>
      <property name="layer_index" value="0"/>
      <bands>
        <band label="Red"/>
        <band label="Green"/>
        <band label="Blue"/>
      </bands>
      <data_type>uint8</data_type>
    </sensor>
  </sensors>
  <components next_id="0"/>
  <cameras next_id="100" next_group_id="0">
    <camera id="0" sensor_id="0" label="frame_000000"/>
    <camera id="1" sensor_id="0" label="frame_000011"/>
    <camera id="2" sensor_id="0" label="frame_000022"/>
    <camera id="3" sensor_id="0" label="frame_000034"/>
    <camera id="4" sensor_id="0" label="frame_000045"/>
    <camera id="5" sensor_id="0" label="frame_000057"/>
    <camera id="6" sensor_id="0" label="frame_000068"/>
    <camera id="7" sensor_id="0" label="frame_000080"/>
    <camera id="8" sensor_id="0" label="frame_000091"/>
    <camera id="9" sensor_id="0" label="frame_000103"/>
    <camera id="10" sensor_id="0" label="frame_000114"/>
    <camera id="11" sensor_id="0" label="frame_000126"/>
    <camera id="12" sensor_id="0" label="frame_000137"/>
    <camera id="13" sensor_id="0" label="frame_000149"/>
    <camera id="14" sensor_id="0" label="frame_000160"/>
    <camera id="15" sensor_id="0" label="frame_000172"/>
    <camera id="16" sensor_id="0" label="frame_000183"/>
    <camera id="17" sensor_id="0" label="frame_000195"/>
    <camera id="18" sensor_id="0" label="frame_000206"/>
    <camera id="19" sensor_id="0" label="frame_000218"/>
    <camera id="20" sensor_id="0" label="frame_000229"/>
    <camera id="21" sensor_id="0" label="frame_000241"/>
    <camera id="22" sensor_id="0" label="frame_000252"/>
    <camera id="23" sensor_id="0" label="frame_000264"/>
    <camera id="24" sensor_id="0" label="frame_000275"/>
    <camera id="25" sensor_id="0" label="frame_000287"/>
    <camera id="26" sensor_id="0" label="frame_000298"/>
    <camera id="27" sensor_id="0" label="frame_000310"/>
    <camera id="28" sensor_id="0" label="frame_000321"/>
    <camera id="29" sensor_id="0" label="frame_000333"/>
    <camera id="30" sensor_id="0" label="frame_000344"/>
    <camera id="31" sensor_id="0" label="frame_000356"/>
    <camera id="32" sensor_id="0" label="frame_000367"/>
    <camera id="33" sensor_id="0" label="frame_000379"/>
    <camera id="34" sensor_id="0" label="frame_000390"/>
    <camera id="35" sensor_id="0" label="frame_000401"/>
    <camera id="36" sensor_id="0" label="frame_000413"/>
    <camera id="37" sensor_id="0" label="frame_000424"/>
    <camera id="38" sensor_id="0" label="frame_000436"/>
    <camera id="39" sensor_id="0" label="frame_000447"/>
    <camera id="40" sensor_id="0" label="frame_000459"/>
    <camera id="41" sensor_id="0" label="frame_000470"/>
    <camera id="42" sensor_id="0" label="frame_000482"/>
    <camera id="43" sensor_id="0" label="frame_000493"/>
    <camera id="44" sensor_id="0" label="frame_000505"/>
    <camera id="45" sensor_id="0" label="frame_000516"/>
    <camera id="46" sensor_id="0" label="frame_000528"/>
    <camera id="47" sensor_id="0" label="frame_000539"/>
    <camera id="48" sensor_id="0" label="frame_000551"/>
    <camera id="49" sensor_id="0" label="frame_000562"/>
    <camera id="50" sensor_id="0" label="frame_000574"/>
    <camera id="51" sensor_id="0" label="frame_000585"/>
    <camera id="52" sensor_id="0" label="frame_000597"/>
    <camera id="53" sensor_id="0" label="frame_000608"/>
    <camera id="54" sensor_id="0" label="frame_000620"/>
    <camera id="55" sensor_id="0" label="frame_000631"/>
    <camera id="56" sensor_id="0" label="frame_000643"/>
    <camera id="57" sensor_id="0" label="frame_000654"/>
    <camera id="58" sensor_id="0" label="frame_000666"/>
    <camera id="59" sensor_id="0" label="frame_000677"/>
    <camera id="60" sensor_id="0" label="frame_000689"/>
    <camera id="61" sensor_id="0" label="frame_000700"/>
    <camera id="62" sensor_id="0" label="frame_000712"/>
    <camera id="63" sensor_id="0" label="frame_000723"/>
    <camera id="64" sensor_id="0" label="frame_000735"/>
    <camera id="65" sensor_id="0" label="frame_000746"/>
    <camera id="66" sensor_id="0" label="frame_000758"/>
    <camera id="67" sensor_id="0" label="frame_000769"/>
    <camera id="68" sensor_id="0" label="frame_000780"/>
    <camera id="69" sensor_id="0" label="frame_000792"/>
    <camera id="70" sensor_id="0" label="frame_000803"/>
    <camera id="71" sensor_id="0" label="frame_000815"/>
    <camera id="72" sensor_id="0" label="frame_000826"/>
    <camera id="73" sensor_id="0" label="frame_000838"/>
    <camera id="74" sensor_id="0" label="frame_000849"/>
    <camera id="75" sensor_id="0" label="frame_000861"/>
    <camera id="76" sensor_id="0" label="frame_000872"/>
    <camera id="77" sensor_id="0" label="frame_000884"/>
    <camera id="78" sensor_id="0" label="frame_000895"/>
    <camera id="79" sensor_id="0" label="frame_000907"/>
    <camera id="80" sensor_id="0" label="frame_000918"/>
    <camera id="81" sensor_id="0" label="frame_000930"/>
    <camera id="82" sensor_id="0" label="frame_000941"/>
    <camera id="83" sensor_id="0" label="frame_000953"/>
    <camera id="84" sensor_id="0" label="frame_000964"/>
    <camera id="85" sensor_id="0" label="frame_000976"/>
    <camera id="86" sensor_id="0" label="frame_000987"/>
    <camera id="87" sensor_id="0" label="frame_000999"/>
    <camera id="88" sensor_id="0" label="frame_001010"/>
    <camera id="89" sensor_id="0" label="frame_001022"/>
    <camera id="90" sensor_id="0" label="frame_001033"/>
    <camera id="91" sensor_id="0" label="frame_001045"/>
    <camera id="92" sensor_id="0" label="frame_001056"/>
    <camera id="93" sensor_id="0" label="frame_001068"/>
    <camera id="94" sensor_id="0" label="frame_001079"/>
    <camera id="95" sensor_id="0" label="frame_001091"/>
    <camera id="96" sensor_id="0" label="frame_001102"/>
    <camera id="97" sensor_id="0" label="frame_001114"/>
    <camera id="98" sensor_id="0" label="frame_001125"/>
    <camera id="99" sensor_id="0" label="frame_001137"/>
  </cameras>
  <frames next_id="1">
    <frame id="0" path="0/frame.zip"/>
  </frames>
  <reference>LOCAL_CS["Local Coordinates (m)",LOCAL_DATUM["Local Datum",0],UNIT["metre",1,AUTHORITY["EPSG","9001"]]]</reference>
  <settings>
    <property name="accuracy_tiepoints" value="1"/>
    <property name="accuracy_cameras" value="10"/>
    <property name="accuracy_cameras_ypr" value="10"/>
    <property name="accuracy_markers" value="0.0050000000000000001"/>
    <property name="accuracy_scalebars" value="0.001"/>
    <property name="accuracy_projections" value="0.5"/>
  </settings>
  <meta>
    <property name="Info/LastSavedDateTime" value="2025:03:20 00:24:27"/>
    <property name="Info/LastSavedSoftwareVersion" value="2.1.1.17821"/>
  </meta>
</chunk>
